"id","fqdn/ip","port","severity","finding","cve","cwe"
"service","contribute.opentermsarchive.org/51.89.227.200","443","INFO","HTTP","",""
"pre_128cipher","contribute.opentermsarchive.org/51.89.227.200","443","INFO","No 128 cipher limit bug","",""
"SSLv2","contribute.opentermsarchive.org/51.89.227.200","443","OK","not offered","",""
"SSLv3","contribute.opentermsarchive.org/51.89.227.200","443","OK","not offered","",""
"TLS1","contribute.opentermsarchive.org/51.89.227.200","443","INFO","not offered","",""
"TLS1_1","contribute.opentermsarchive.org/51.89.227.200","443","INFO","not offered","",""
"TLS1_2","contribute.opentermsarchive.org/51.89.227.200","443","OK","offered","",""
"TLS1_3","contribute.opentermsarchive.org/51.89.227.200","443","OK","offered with final","",""
"ALPN_HTTP2","contribute.opentermsarchive.org/51.89.227.200","443","OK","h2","",""
"ALPN","contribute.opentermsarchive.org/51.89.227.200","443","INFO","http/1.1","",""
"cipherlist_NULL","contribute.opentermsarchive.org/51.89.227.200","443","OK","not offered","","CWE-327"
"cipherlist_aNULL","contribute.opentermsarchive.org/51.89.227.200","443","OK","not offered","","CWE-327"
"cipherlist_EXPORT","contribute.opentermsarchive.org/51.89.227.200","443","OK","not offered","","CWE-327"
"cipherlist_LOW","contribute.opentermsarchive.org/51.89.227.200","443","OK","not offered","","CWE-327"
"cipherlist_3DES_IDEA","contribute.opentermsarchive.org/51.89.227.200","443","INFO","not offered","","CWE-310"
"cipherlist_AVERAGE","contribute.opentermsarchive.org/51.89.227.200","443","LOW","offered","","CWE-310"
"cipherlist_GOOD","contribute.opentermsarchive.org/51.89.227.200","443","INFO","not offered","",""
"cipherlist_STRONG","contribute.opentermsarchive.org/51.89.227.200","443","OK","offered","",""
"cipher_order-tls1_2","contribute.opentermsarchive.org/51.89.227.200","443","OK","server","",""
"cipherorder_TLSv1_2","contribute.opentermsarchive.org/51.89.227.200","443","INFO","ECDHE-RSA-AES256-GCM-SHA384","",""
"cipher_order","contribute.opentermsarchive.org/51.89.227.200","443","OK","server","",""
"FS","contribute.opentermsarchive.org/51.89.227.200","443","OK","offered","",""
"FS_ciphers","contribute.opentermsarchive.org/51.89.227.200","443","INFO","ECDHE-RSA-AES128-GCM-SHA256 ECDHE-RSA-AES128-SHA256 ECDHE-RSA-AES256-GCM-SHA384 ECDHE-RSA-AES256-SHA384","",""
"FS_ECDHE_curves","contribute.opentermsarchive.org/51.89.227.200","443","OK","prime256v1 secp384r1 secp521r1","",""
"TLS_extensions","contribute.opentermsarchive.org/51.89.227.200","443","INFO","'renegotiation info/#65281' 'server name/#0' 'EC point formats/#11' 'session ticket/#35' 'next protocol/#13172' 'supported versions/#43' 'key share/#51' 'supported_groups/#10' 'max fragment length/#1' 'application layer protocol negotiation/#16' 'encrypt-then-mac/#22' 'extended master secret/#23'","",""
"TLS_session_ticket","contribute.opentermsarchive.org/51.89.227.200","443","INFO","valid for 86400 seconds only (<daily)","",""
"SSL_sessionID_support","contribute.opentermsarchive.org/51.89.227.200","443","INFO","yes","",""
"sessionresumption_ticket","contribute.opentermsarchive.org/51.89.227.200","443","INFO","supported","",""
"sessionresumption_ID","contribute.opentermsarchive.org/51.89.227.200","443","INFO","supported","",""
"TLS_timestamp","contribute.opentermsarchive.org/51.89.227.200","443","INFO","random","",""
"certificate_compression","contribute.opentermsarchive.org/51.89.227.200","443","INFO","none","",""
"clientAuth","contribute.opentermsarchive.org/51.89.227.200","443","INFO","none","",""
"cert_numbers","contribute.opentermsarchive.org/51.89.227.200","443","INFO","1","",""
"cert_signatureAlgorithm","contribute.opentermsarchive.org/51.89.227.200","443","OK","SHA256 with RSA","",""
"cert_keySize","contribute.opentermsarchive.org/51.89.227.200","443","INFO","RSA 2048 bits (exponent is 65537)","",""
"cert_keyUsage","contribute.opentermsarchive.org/51.89.227.200","443","INFO","Digital Signature, Key Encipherment","",""
"cert_extKeyUsage","contribute.opentermsarchive.org/51.89.227.200","443","INFO","TLS Web Server Authentication, TLS Web Client Authentication","",""
"cert_serialNumber","contribute.opentermsarchive.org/51.89.227.200","443","INFO","04461FF76D48144C085FD6173BA60EB05E88","",""
"cert_serialNumberLen","contribute.opentermsarchive.org/51.89.227.200","443","INFO","18","",""
"cert_fingerprintSHA1","contribute.opentermsarchive.org/51.89.227.200","443","INFO","85C5B4DCD406A827A4072048E9A8E1C8EC12AFC8","",""
"cert_fingerprintSHA256","contribute.opentermsarchive.org/51.89.227.200","443","INFO","069A12FD3E8C0C76F0184BB3B514F228839B3E0F4FE2114CE78B97738B0D6DDD","",""
"cert","contribute.opentermsarchive.org/51.89.227.200","443","INFO","-----BEGIN CERTIFICATE-----\nMIIFQjCCBCqgAwIBAgISBEYf921IFEwIX9YXO6YOsF6IMA0GCSqGSIb3DQEBCwUAMDIxCzAJBgNVBAYTAlVTMRYwFAYDVQQKEw1MZXQncyBFbmNyeXB0MQswCQYDVQQDEwJSMzAeFw0yMjEyMDkxODM4MDVaFw0yMzAzMDkxODM4MDRaMCoxKDAmBgNVBAMTH2NvbnRyaWJ1dGUub3BlbnRlcm1zYXJjaGl2ZS5vcmcwggEiMA0GCSqGSIb3DQEBAQUAA4IBDwAwggEKAoIBAQDBdLISDWHYe4J6TAXkNJtBLvYeu3W2hiJ6/rCR5XDAgztyuymyiQpv8ahCdHQgWy7b0JNH8sn6UDOX/s5vWWKtzPL+u0/H9dVNeQzKgu1McqpN2TMdUozqhGsSftRA/YVkX9zqud5Ys5MiY7AFRMOVoLkZMlOD57UuHEPHdu2mLP2hIjQkdLsNOmQ8ndRfOFR0EuqItVcIO9NSlHI4glOSlorUa4PnEPLFJctFvobCjeEG3kb1ku7V+Q29XZukcuzZMujUFyH4e6JQDRp0GPcRIQ4DSfD4PPzPhU9KrLPm0ewdcMp0EcxD9sKA1e7l4y+/dlIDAqHU6IfY2D8E3kHzAgMBAAGjggJYMIICVDAOBgNVHQ8BAf8EBAMCBaAwHQYDVR0lBBYwFAYIKwYBBQUHAwEGCCsGAQUFBwMCMAwGA1UdEwEB/wQCMAAwHQYDVR0OBBYEFHf7qI1NOhazp77PCSN5OyxYNwsuMB8GA1UdIwQYMBaAFBQusxe3WFbLrlAJQOYfr52LFMLGMFUGCCsGAQUFBwEBBEkwRzAhBggrBgEFBQcwAYYVaHR0cDovL3IzLm8ubGVuY3Iub3JnMCIGCCsGAQUFBzAChhZodHRwOi8vcjMuaS5sZW5jci5vcmcvMCoGA1UdEQQjMCGCH2NvbnRyaWJ1dGUub3BlbnRlcm1zYXJjaGl2ZS5vcmcwTAYDVR0gBEUwQzAIBgZngQwBAgEwNwYLKwYBBAGC3xMBAQEwKDAmBggrBgEFBQcCARYaaHR0cDovL2Nwcy5sZXRzZW5jcnlwdC5vcmcwggECBgorBgEEAdZ5AgQCBIHzBIHwAO4AdQC3Pvsk35xNunXyOcW6WPRsXfxCz3qfNcSeHQmBJe20mQAAAYT4ZRe2AAAEAwBGMEQCIEB+0ZzxRiX9HZyowVmAmN8Q2a2LJ7UAOyLa4i/62tvGAiBZUADBwXl0jYB5HTIXEUDBQw3BC/SHHvx/FzWu7KoSqwB1AHoyjFTYty22IOo44FIe6YQWcDIThU070ivBOlejUutSAAABhPhlF9cAAAQDAEYwRAIgIJ1yQaONKWgXWEOXCfq/gz9UW6UpgqzaDO5DwT+JRLwCIDTiDtyeXHuNE6sBDTtKNEA9O30UWJll8eYN+3GVPKvIMA0GCSqGSIb3DQEBCwUAA4IBAQBenWnbEQLWPRg+GnKk7TyUt1PPjx7jOAsmQOM86ckALC9wF1M3tQRHg7WvY4NcGRvA+GkHAnVS3Kuve1ufps2145KfuewE7cCAxOar298Ec+huN4NsPZoSo1WPkkZI/ecB7Ipkn9gQzrzutlZDOGtuQa34kyPPzZ935teAIBxgcIhxEfe1JW0Tchr+dp4k3D+BWU6M1sTONloCQFfCpZJXhuEyya3XDMbAFOliKaaQkS0OjfKJ32re7Axu+CovBL/cZ6q5R+NXXw4Y6v+VU2m0ao5QJopR6LRJkFsjIy1WxW+tri2ZwPJFehL1EEBrFn4uuOVSiKOD0J0/cL/rZqU6\n-----END CERTIFICATE-----","",""
"cert_commonName","contribute.opentermsarchive.org/51.89.227.200","443","OK","contribute.opentermsarchive.org","",""
"cert_commonName_wo_SNI","contribute.opentermsarchive.org/51.89.227.200","443","INFO","contribute.opentermsarchive.org","",""
"cert_subjectAltName","contribute.opentermsarchive.org/51.89.227.200","443","INFO","contribute.opentermsarchive.org","",""
"cert_trust","contribute.opentermsarchive.org/51.89.227.200","443","OK","Ok via SAN and CN (same w/o SNI)","",""
"cert_chain_of_trust","contribute.opentermsarchive.org/51.89.227.200","443","OK","passed.","",""
"cert_certificatePolicies_EV","contribute.opentermsarchive.org/51.89.227.200","443","INFO","no","",""
"cert_expirationStatus","contribute.opentermsarchive.org/51.89.227.200","443","OK","74 >= 30 days","",""
"cert_notBefore","contribute.opentermsarchive.org/51.89.227.200","443","INFO","2022-12-09 18:38","",""
"cert_notAfter","contribute.opentermsarchive.org/51.89.227.200","443","OK","2023-03-09 18:38","",""
"cert_extlifeSpan","contribute.opentermsarchive.org/51.89.227.200","443","OK","certificate has no extended life time according to browser forum","",""
"cert_eTLS","contribute.opentermsarchive.org/51.89.227.200","443","INFO","not present","",""
"cert_crlDistributionPoints","contribute.opentermsarchive.org/51.89.227.200","443","INFO","--","",""
"cert_ocspURL","contribute.opentermsarchive.org/51.89.227.200","443","INFO","http://r3.o.lencr.org","",""
"OCSP_stapling","contribute.opentermsarchive.org/51.89.227.200","443","LOW","not offered","",""
"cert_mustStapleExtension","contribute.opentermsarchive.org/51.89.227.200","443","INFO","--","",""
"DNS_CAArecord","contribute.opentermsarchive.org/51.89.227.200","443","LOW","--","",""
"certificate_transparency","contribute.opentermsarchive.org/51.89.227.200","443","OK","yes (certificate extension)","",""
"certs_countServer","contribute.opentermsarchive.org/51.89.227.200","443","INFO","3","",""
"certs_list_ordering_problem","contribute.opentermsarchive.org/51.89.227.200","443","INFO","no","",""
"cert_caIssuers","contribute.opentermsarchive.org/51.89.227.200","443","INFO","R3 (Let's Encrypt from US)","",""
"intermediate_cert <#1>","contribute.opentermsarchive.org/51.89.227.200","443","INFO","-----BEGIN CERTIFICATE-----\nMIIFFjCCAv6gAwIBAgIRAJErCErPDBinU/bWLiWnX1owDQYJKoZIhvcNAQELBQAwTzELMAkGA1UEBhMCVVMxKTAnBgNVBAoTIEludGVybmV0IFNlY3VyaXR5IFJlc2VhcmNoIEdyb3VwMRUwEwYDVQQDEwxJU1JHIFJvb3QgWDEwHhcNMjAwOTA0MDAwMDAwWhcNMjUwOTE1MTYwMDAwWjAyMQswCQYDVQQGEwJVUzEWMBQGA1UEChMNTGV0J3MgRW5jcnlwdDELMAkGA1UEAxMCUjMwggEiMA0GCSqGSIb3DQEBAQUAA4IBDwAwggEKAoIBAQC7AhUozPaglNMPEuyNVZLD+ILxmaZ6QoinXSaqtSu5xUyxr45r+XXIo9cPR5QUVTVXjJ6oojkZ9YI8QqlObvU7wy7bjcCwXPNZOOftz2nwWgsbvsCUJCWH+jdxsxPnHKzhm+/b5DtFUkWWqcFTzjTIUu61ru2P3mBw4qVUq7ZtDpelQDRrK9O8ZutmNHz6a4uPVymZ+DAXXbpyb/uBxa3Shlg9F8fnCbvxK/eG3MHacV3URuPMrSXBiLxgZ3Vms/EY96Jc5lP/Ooi2R6X/ExjqmAl3P51T+c8B5fWmcBcUr2Ok/5mzk53cU6cG/kiFHaFpriV1uxPMUgP17VGhi9sVAgMBAAGjggEIMIIBBDAOBgNVHQ8BAf8EBAMCAYYwHQYDVR0lBBYwFAYIKwYBBQUHAwIGCCsGAQUFBwMBMBIGA1UdEwEB/wQIMAYBAf8CAQAwHQYDVR0OBBYEFBQusxe3WFbLrlAJQOYfr52LFMLGMB8GA1UdIwQYMBaAFHm0WeZ7tuXkAXOACIjIGlj26ZtuMDIGCCsGAQUFBwEBBCYwJDAiBggrBgEFBQcwAoYWaHR0cDovL3gxLmkubGVuY3Iub3JnLzAnBgNVHR8EIDAeMBygGqAYhhZodHRwOi8veDEuYy5sZW5jci5vcmcvMCIGA1UdIAQbMBkwCAYGZ4EMAQIBMA0GCysGAQQBgt8TAQEBMA0GCSqGSIb3DQEBCwUAA4ICAQCFyk5HPqP3hUSFvNVneLKYY611TR6WPTNlclQtgaDqw+34IL9fzLdwALduO/ZelN7kIJ+m74uyA+eitRY8kc607TkC53wlikfmZW4/RvTZ8M6UK+5UzhK8jCdLuMGYL6KvzXGRSgi3yLgjewQtCPkIVz6D2QQzCkcheAmCJ8MqyJu5zlzyZMjAvnnAT45tRAxekrsu94sQ4egdRCnbWSDtY7kh+BImlJNXoB1lBMEKIq4QDUOXoRgffuDghje1WrG9ML+Hbisq/yFOGwXD9RiX8F6sw6W4avAuvDszue5L3sz85K+EC4Y/wFVDNvZo4TYXao6Z0f+lQKc0t8DQYzk1OXVu8rp2yJMC6alLbBfODALZvYH7n7do1AZls4I9d1P4jnkDrQoxB3UqQ9hVl3LEKQ73xF1OyK5GhDDX8oVfGKF5u+decIsH4YaTw7mP3GFxJSqv3+0lUFJoi5Lc5da149p90IdshCExroL1+7mryIkXPeFM5TgO9r0rvZaBFOvV2z0gp35Z0+L4WPlbuEjN/lxPFin+HlUjr8gRsI3qfJOQFy/9rKIJR0Y/8Omwt/8oTWgy1mdeHmmjk7j1nYsvC9JSQ6ZvMldlTTKB3zhThV1+XWYp6rjd5JW1zbVWEkLNxE7GJThEUG3szgBVGP7pSWTUTsqXnLRbwHOoq7hHwg==\n-----END CERTIFICATE-----","",""
"intermediate_cert_fingerprintSHA256 <#1>","contribute.opentermsarchive.org/51.89.227.200","443","INFO","67ADD1166B020AE61B8F5FC96813C04C2AA589960796865572A3C7E737613DFD","",""
"intermediate_cert_notBefore <#1>","contribute.opentermsarchive.org/51.89.227.200","443","INFO","2020-09-04 00:00","",""
"intermediate_cert_notAfter <#1>","contribute.opentermsarchive.org/51.89.227.200","443","OK","2025-09-15 16:00","",""
"intermediate_cert_expiration <#1>","contribute.opentermsarchive.org/51.89.227.200","443","OK","ok > 40 days","",""
"intermediate_cert_chain <#1>","contribute.opentermsarchive.org/51.89.227.200","443","INFO","R3 <-- ISRG Root X1","",""
"intermediate_cert <#2>","contribute.opentermsarchive.org/51.89.227.200","443","INFO","-----BEGIN CERTIFICATE-----\nMIIFYDCCBEigAwIBAgIQQAF3ITfU6UK47naqPGQKtzANBgkqhkiG9w0BAQsFADA/MSQwIgYDVQQKExtEaWdpdGFsIFNpZ25hdHVyZSBUcnVzdCBDby4xFzAVBgNVBAMTDkRTVCBSb290IENBIFgzMB4XDTIxMDEyMDE5MTQwM1oXDTI0MDkzMDE4MTQwM1owTzELMAkGA1UEBhMCVVMxKTAnBgNVBAoTIEludGVybmV0IFNlY3VyaXR5IFJlc2VhcmNoIEdyb3VwMRUwEwYDVQQDEwxJU1JHIFJvb3QgWDEwggIiMA0GCSqGSIb3DQEBAQUAA4ICDwAwggIKAoICAQCt6CRz9BQ385ueK1coHIe+3LffOJCMbjzmV6B493XCov71am72AE8o295ohmxEk7axY/0UEmu/H9LqMZshftEzPLpI9d1537O4/xLxIZpLwYqGcWlKZmZsj348cL+tKSIG8+TA5oCu4kuPt5l+lAOf00eXfJlII1PoOK5PCm+DLtFJV4yAdLbaL9A4jXsDcCEbdfIwPPqPrt3aY6vrFk/CjhFLfs8L6P+1dy70sntK4EwSJQxwjQMpoOFTJOwT2e4ZvxCzSow/iaNhUd6shweU9GNx7C7ib1uYgeGJXDR5bHbvO5BieebbpJovJsXQEOEO3tkQjhb7t/eo98flAgeYjzYIlefiN5YNNnWe+w5ysR2bvAP5SQXYgd0FtCrWQemsAXaVCg/Y39W9Eh81LygXbNKYwagJZHduRze6zqxZXmidf3LWicUGQSk+WT7dJvUkyRGnWqNMQB9GoZm1pzpRboY7nn1ypxIFeFntPlF4FQsDj43QLwWyPntKHEtzBRL8xurgUBN8Q5N0s8p0544fAQjQMNRbcTa0B7rBMDBcSLeCO5imfWCKoqMpgsy6vYMEG6KDA0Gh1gXxG8K28Kh8hjtGqEgqiNx2mna/H2qlPRmP6zjzZN7IKw0KKP/32+IVQtQi0Cdd4Xn+GOdwiK1O5tmLOsbdJ1Fu/7xk9TNDTwIDAQABo4IBRjCCAUIwDwYDVR0TAQH/BAUwAwEB/zAOBgNVHQ8BAf8EBAMCAQYwSwYIKwYBBQUHAQEEPzA9MDsGCCsGAQUFBzAChi9odHRwOi8vYXBwcy5pZGVudHJ1c3QuY29tL3Jvb3RzL2RzdHJvb3RjYXgzLnA3YzAfBgNVHSMEGDAWgBTEp7Gkeyxx+tvhS5B1/8QVYIWJEDBUBgNVHSAETTBLMAgGBmeBDAECATA/BgsrBgEEAYLfEwEBATAwMC4GCCsGAQUFBwIBFiJodHRwOi8vY3BzLnJvb3QteDEubGV0c2VuY3J5cHQub3JnMDwGA1UdHwQ1MDMwMaAvoC2GK2h0dHA6Ly9jcmwuaWRlbnRydXN0LmNvbS9EU1RST09UQ0FYM0NSTC5jcmwwHQYDVR0OBBYEFHm0WeZ7tuXkAXOACIjIGlj26ZtuMA0GCSqGSIb3DQEBCwUAA4IBAQAKcwBslm7/DlLQrt2M51oGrS+o44+/yQoDFVDC5WxCu2+b9LRPwkSICHXM6webFGJueN7sJ7o5XPWioW5WlHAQU7G75K/QosMrAdSW9MUgNTP52GE24HGNtLi1qoJFlcDyqSMo59ahy2cI2qBDLKobkx/J3vWraV0T9VuGWCLKTVXkcGdtwlfFRjlBz4pYg1htmf5X6DYO8A4jqv2Il9DjXA6USbW1FzXSLr9Ohe8Y4IWS6wY7bCkjCWDcRQJMEhg76fsO3txE+FiYruq9RUWhiF1myv4Q6W+CyBFCDfvp7OOGAN6dEOM4+qR9sdjoSYKEBpsr6GtPAQw4dy753ec5\n-----END CERTIFICATE-----","",""
"intermediate_cert_fingerprintSHA256 <#2>","contribute.opentermsarchive.org/51.89.227.200","443","INFO","6D99FB265EB1C5B3744765FCBC648F3CD8E1BFFAFDC4C2F99B9D47CF7FF1C24F","",""
"intermediate_cert_notBefore <#2>","contribute.opentermsarchive.org/51.89.227.200","443","INFO","2021-01-20 19:14","",""
"intermediate_cert_notAfter <#2>","contribute.opentermsarchive.org/51.89.227.200","443","OK","2024-09-30 18:14","",""
"intermediate_cert_expiration <#2>","contribute.opentermsarchive.org/51.89.227.200","443","OK","ok > 40 days","",""
"intermediate_cert_chain <#2>","contribute.opentermsarchive.org/51.89.227.200","443","INFO","ISRG Root X1 <-- DST Root CA X3","",""
"intermediate_cert_badOCSP","contribute.opentermsarchive.org/51.89.227.200","443","OK","intermediate certificate(s) is/are ok","",""
"HTTP_status_code","contribute.opentermsarchive.org/51.89.227.200","443","INFO","200 OK ('/')","",""
"HTTP_clock_skew","contribute.opentermsarchive.org/51.89.227.200","443","INFO","0 seconds from localtime","",""
"HTTP_headerTime","contribute.opentermsarchive.org/51.89.227.200","443","INFO","1671931098","",""
"HSTS","contribute.opentermsarchive.org/51.89.227.200","443","LOW","not offered","",""
"HPKP","contribute.opentermsarchive.org/51.89.227.200","443","INFO","No support for HTTP Public Key Pinning","",""
"banner_server","contribute.opentermsarchive.org/51.89.227.200","443","INFO","nginx","",""
"banner_application","contribute.opentermsarchive.org/51.89.227.200","443","INFO","X-Powered-By: Next.js","",""
"cookie_count","contribute.opentermsarchive.org/51.89.227.200","443","INFO","0 at '/'","",""
"Cache-Control","contribute.opentermsarchive.org/51.89.227.200","443","INFO","s-maxage=1800, stale-while-revalidate","",""
"banner_reverseproxy","contribute.opentermsarchive.org/51.89.227.200","443","INFO","--","","CWE-200"
"heartbleed","contribute.opentermsarchive.org/51.89.227.200","443","OK","not vulnerable, no heartbeat extension","CVE-2014-0160","CWE-119"
"CCS","contribute.opentermsarchive.org/51.89.227.200","443","OK","not vulnerable","CVE-2014-0224","CWE-310"
"ticketbleed","contribute.opentermsarchive.org/51.89.227.200","443","OK","not vulnerable","CVE-2016-9244","CWE-200"
"ROBOT","contribute.opentermsarchive.org/51.89.227.200","443","OK","not vulnerable, no RSA key transport cipher","CVE-2017-17382 CVE-2017-17427 CVE-2017-17428 CVE-2017-13098 CVE-2017-1000385 CVE-2017-13099 CVE-2016-6883 CVE-2012-5081 CVE-2017-6168","CWE-203"
"secure_renego","contribute.opentermsarchive.org/51.89.227.200","443","OK","supported","","CWE-310"
"secure_client_renego","contribute.opentermsarchive.org/51.89.227.200","443","OK","not vulnerable","CVE-2011-1473","CWE-310"
"CRIME_TLS","contribute.opentermsarchive.org/51.89.227.200","443","OK","not vulnerable","CVE-2012-4929","CWE-310"
"BREACH","contribute.opentermsarchive.org/51.89.227.200","443","MEDIUM","potentially VULNERABLE, gzip deflate HTTP compression detected  - only supplied '/' tested","CVE-2013-3587","CWE-310"
"POODLE_SSL","contribute.opentermsarchive.org/51.89.227.200","443","OK","not vulnerable, no SSLv3","CVE-2014-3566","CWE-310"
"fallback_SCSV","contribute.opentermsarchive.org/51.89.227.200","443","OK","no protocol below TLS 1.2 offered","",""
"SWEET32","contribute.opentermsarchive.org/51.89.227.200","443","OK","not vulnerable","CVE-2016-2183 CVE-2016-6329","CWE-327"
"FREAK","contribute.opentermsarchive.org/51.89.227.200","443","OK","not vulnerable","CVE-2015-0204","CWE-310"
"DROWN","contribute.opentermsarchive.org/51.89.227.200","443","OK","not vulnerable on this host and port","CVE-2016-0800 CVE-2016-0703","CWE-310"
"DROWN_hint","contribute.opentermsarchive.org/51.89.227.200","443","INFO","Make sure you don't use this certificate elsewhere with SSLv2 enabled services, see https://search.censys.io/search?resource=hosts&virtual_hosts=INCLUDE&q=069A12FD3E8C0C76F0184BB3B514F228839B3E0F4FE2114CE78B97738B0D6DDD","CVE-2016-0800 CVE-2016-0703","CWE-310"
"LOGJAM","contribute.opentermsarchive.org/51.89.227.200","443","OK","not vulnerable, no DH EXPORT ciphers,","CVE-2015-4000","CWE-310"
"LOGJAM-common_primes","contribute.opentermsarchive.org/51.89.227.200","443","OK","no DH key with <= TLS 1.2","CVE-2015-4000","CWE-310"
"BEAST","contribute.opentermsarchive.org/51.89.227.200","443","OK","not vulnerable, no SSL3 or TLS1","CVE-2011-3389","CWE-20"
"LUCKY13","contribute.opentermsarchive.org/51.89.227.200","443","LOW","potentially vulnerable, uses TLS CBC ciphers","CVE-2013-0169","CWE-310"
"winshock","contribute.opentermsarchive.org/51.89.227.200","443","OK","not vulnerable","CVE-2014-6321","CWE-94"
"RC4","contribute.opentermsarchive.org/51.89.227.200","443","OK","not vulnerable","CVE-2013-2566 CVE-2015-2808","CWE-310"
"clientsimulation-android_60","contribute.opentermsarchive.org/51.89.227.200","443","INFO","TLSv1.2 ECDHE-RSA-AES128-GCM-SHA256","",""
"clientsimulation-android_70","contribute.opentermsarchive.org/51.89.227.200","443","INFO","TLSv1.2 ECDHE-RSA-AES256-GCM-SHA384","",""
"clientsimulation-android_81","contribute.opentermsarchive.org/51.89.227.200","443","INFO","TLSv1.2 ECDHE-RSA-AES256-GCM-SHA384","",""
"clientsimulation-android_90","contribute.opentermsarchive.org/51.89.227.200","443","INFO","TLSv1.3 TLS_AES_256_GCM_SHA384","",""
"clientsimulation-android_X","contribute.opentermsarchive.org/51.89.227.200","443","INFO","TLSv1.3 TLS_AES_256_GCM_SHA384","",""
"clientsimulation-android_11","contribute.opentermsarchive.org/51.89.227.200","443","INFO","TLSv1.3 TLS_AES_256_GCM_SHA384","",""
"clientsimulation-android_12","contribute.opentermsarchive.org/51.89.227.200","443","INFO","TLSv1.3 TLS_AES_256_GCM_SHA384","",""
"clientsimulation-chrome_79_win10","contribute.opentermsarchive.org/51.89.227.200","443","INFO","TLSv1.3 TLS_AES_256_GCM_SHA384","",""
"clientsimulation-chrome_101_win10","contribute.opentermsarchive.org/51.89.227.200","443","INFO","TLSv1.3 TLS_AES_256_GCM_SHA384","",""
"clientsimulation-firefox_66_win81","contribute.opentermsarchive.org/51.89.227.200","443","INFO","TLSv1.3 TLS_AES_256_GCM_SHA384","",""
"clientsimulation-firefox_100_win10","contribute.opentermsarchive.org/51.89.227.200","443","INFO","TLSv1.3 TLS_AES_256_GCM_SHA384","",""
"clientsimulation-ie_6_xp","contribute.opentermsarchive.org/51.89.227.200","443","INFO","No connection","",""
"clientsimulation-ie_8_win7","contribute.opentermsarchive.org/51.89.227.200","443","INFO","No connection","",""
"clientsimulation-ie_8_xp","contribute.opentermsarchive.org/51.89.227.200","443","INFO","No connection","",""
"clientsimulation-ie_11_win7","contribute.opentermsarchive.org/51.89.227.200","443","INFO","TLSv1.2 ECDHE-RSA-AES256-SHA384","",""
"clientsimulation-ie_11_win81","contribute.opentermsarchive.org/51.89.227.200","443","INFO","TLSv1.2 ECDHE-RSA-AES256-SHA384","",""
"clientsimulation-ie_11_winphone81","contribute.opentermsarchive.org/51.89.227.200","443","INFO","TLSv1.2 ECDHE-RSA-AES128-SHA256","",""
"clientsimulation-ie_11_win10","contribute.opentermsarchive.org/51.89.227.200","443","INFO","TLSv1.2 ECDHE-RSA-AES256-GCM-SHA384","",""
"clientsimulation-edge_15_win10","contribute.opentermsarchive.org/51.89.227.200","443","INFO","TLSv1.2 ECDHE-RSA-AES256-GCM-SHA384","",""
"clientsimulation-edge_101_win10_21h2","contribute.opentermsarchive.org/51.89.227.200","443","INFO","TLSv1.3 TLS_AES_256_GCM_SHA384","",""
"clientsimulation-safari_121_ios_122","contribute.opentermsarchive.org/51.89.227.200","443","INFO","TLSv1.3 TLS_AES_256_GCM_SHA384","",""
"clientsimulation-safari_130_osx_10146","contribute.opentermsarchive.org/51.89.227.200","443","INFO","TLSv1.3 TLS_AES_256_GCM_SHA384","",""
"clientsimulation-safari_154_osx_1231","contribute.opentermsarchive.org/51.89.227.200","443","INFO","TLSv1.3 TLS_AES_256_GCM_SHA384","",""
"clientsimulation-java_7u25","contribute.opentermsarchive.org/51.89.227.200","443","INFO","No connection","",""
"clientsimulation-java_8u161","contribute.opentermsarchive.org/51.89.227.200","443","INFO","TLSv1.2 ECDHE-RSA-AES256-GCM-SHA384","",""
"clientsimulation-java1102","contribute.opentermsarchive.org/51.89.227.200","443","INFO","TLSv1.3 TLS_AES_256_GCM_SHA384","",""
"clientsimulation-java1703","contribute.opentermsarchive.org/51.89.227.200","443","INFO","TLSv1.3 TLS_AES_256_GCM_SHA384","",""
"clientsimulation-go_1178","contribute.opentermsarchive.org/51.89.227.200","443","INFO","TLSv1.3 TLS_AES_256_GCM_SHA384","",""
"clientsimulation-libressl_283","contribute.opentermsarchive.org/51.89.227.200","443","INFO","TLSv1.2 ECDHE-RSA-AES256-GCM-SHA384","",""
"clientsimulation-openssl_102e","contribute.opentermsarchive.org/51.89.227.200","443","INFO","TLSv1.2 ECDHE-RSA-AES256-GCM-SHA384","",""
"clientsimulation-openssl_110l","contribute.opentermsarchive.org/51.89.227.200","443","INFO","TLSv1.2 ECDHE-RSA-AES256-GCM-SHA384","",""
"clientsimulation-openssl_111d","contribute.opentermsarchive.org/51.89.227.200","443","INFO","TLSv1.3 TLS_AES_256_GCM_SHA384","",""
"clientsimulation-openssl_303","contribute.opentermsarchive.org/51.89.227.200","443","INFO","TLSv1.3 TLS_AES_256_GCM_SHA384","",""
"clientsimulation-apple_mail_16_0","contribute.opentermsarchive.org/51.89.227.200","443","INFO","TLSv1.2 ECDHE-RSA-AES256-GCM-SHA384","",""
"clientsimulation-thunderbird_91_9","contribute.opentermsarchive.org/51.89.227.200","443","INFO","TLSv1.3 TLS_AES_256_GCM_SHA384","",""
"rating_spec","contribute.opentermsarchive.org/51.89.227.200","443","INFO","SSL Labs's 'SSL Server Rating Guide' (version 2009q from 2020-01-30)","",""
"rating_doc","contribute.opentermsarchive.org/51.89.227.200","443","INFO","https://github.com/ssllabs/research/wiki/SSL-Server-Rating-Guide","",""
"protocol_support_score","contribute.opentermsarchive.org/51.89.227.200","443","INFO","100","",""
"protocol_support_score_weighted","contribute.opentermsarchive.org/51.89.227.200","443","INFO","30","",""
"key_exchange_score","contribute.opentermsarchive.org/51.89.227.200","443","INFO","90","",""
"key_exchange_score_weighted","contribute.opentermsarchive.org/51.89.227.200","443","INFO","27","",""
"cipher_strength_score","contribute.opentermsarchive.org/51.89.227.200","443","INFO","60","",""
"cipher_strength_score_weighted","contribute.opentermsarchive.org/51.89.227.200","443","INFO","24","",""
"final_score","contribute.opentermsarchive.org/51.89.227.200","443","INFO","81","",""
"overall_grade","contribute.opentermsarchive.org/51.89.227.200","443","OK","A","",""
"grade_cap_reason_1","contribute.opentermsarchive.org/51.89.227.200","443","INFO","Grade capped to A. HSTS is not offered","",""
